PRAGMA foreign_keys=OFF;
BEGIN TRANSACTION;
CREATE TABLE "auth_permission" (
    "id" integer NOT NULL PRIMARY KEY,
    "name" varchar(50) NOT NULL,
    "content_type_id" integer NOT NULL,
    "codename" varchar(100) NOT NULL,
    UNIQUE ("content_type_id", "codename")
);
INSERT INTO "auth_permission" VALUES(1,'Can add permission',1,'add_permission');
INSERT INTO "auth_permission" VALUES(2,'Can change permission',1,'change_permission');
INSERT INTO "auth_permission" VALUES(3,'Can delete permission',1,'delete_permission');
INSERT INTO "auth_permission" VALUES(4,'Can add group',2,'add_group');
INSERT INTO "auth_permission" VALUES(5,'Can change group',2,'change_group');
INSERT INTO "auth_permission" VALUES(6,'Can delete group',2,'delete_group');
INSERT INTO "auth_permission" VALUES(7,'Can add user',3,'add_user');
INSERT INTO "auth_permission" VALUES(8,'Can change user',3,'change_user');
INSERT INTO "auth_permission" VALUES(9,'Can delete user',3,'delete_user');
INSERT INTO "auth_permission" VALUES(10,'Can add content type',4,'add_contenttype');
INSERT INTO "auth_permission" VALUES(11,'Can change content type',4,'change_contenttype');
INSERT INTO "auth_permission" VALUES(12,'Can delete content type',4,'delete_contenttype');
INSERT INTO "auth_permission" VALUES(13,'Can add session',5,'add_session');
INSERT INTO "auth_permission" VALUES(14,'Can change session',5,'change_session');
INSERT INTO "auth_permission" VALUES(15,'Can delete session',5,'delete_session');
INSERT INTO "auth_permission" VALUES(16,'Can add site',6,'add_site');
INSERT INTO "auth_permission" VALUES(17,'Can change site',6,'change_site');
INSERT INTO "auth_permission" VALUES(18,'Can delete site',6,'delete_site');
INSERT INTO "auth_permission" VALUES(19,'Can add log entry',7,'add_logentry');
INSERT INTO "auth_permission" VALUES(20,'Can change log entry',7,'change_logentry');
INSERT INTO "auth_permission" VALUES(21,'Can delete log entry',7,'delete_logentry');
INSERT INTO "auth_permission" VALUES(22,'Can add campus talk',8,'add_campustalk');
INSERT INTO "auth_permission" VALUES(23,'Can change campus talk',8,'change_campustalk');
INSERT INTO "auth_permission" VALUES(24,'Can delete campus talk',8,'delete_campustalk');
CREATE TABLE "auth_group_permissions" (
    "id" integer NOT NULL PRIMARY KEY,
    "group_id" integer NOT NULL,
    "permission_id" integer NOT NULL REFERENCES "auth_permission" ("id"),
    UNIQUE ("group_id", "permission_id")
);
CREATE TABLE "auth_group" (
    "id" integer NOT NULL PRIMARY KEY,
    "name" varchar(80) NOT NULL UNIQUE
);
CREATE TABLE "auth_user_user_permissions" (
    "id" integer NOT NULL PRIMARY KEY,
    "user_id" integer NOT NULL,
    "permission_id" integer NOT NULL REFERENCES "auth_permission" ("id"),
    UNIQUE ("user_id", "permission_id")
);
INSERT INTO "auth_user_user_permissions" VALUES(1,1,1);
INSERT INTO "auth_user_user_permissions" VALUES(2,1,2);
INSERT INTO "auth_user_user_permissions" VALUES(3,1,3);
INSERT INTO "auth_user_user_permissions" VALUES(4,1,4);
INSERT INTO "auth_user_user_permissions" VALUES(5,1,5);
INSERT INTO "auth_user_user_permissions" VALUES(6,1,6);
INSERT INTO "auth_user_user_permissions" VALUES(7,1,7);
INSERT INTO "auth_user_user_permissions" VALUES(8,1,8);
INSERT INTO "auth_user_user_permissions" VALUES(9,1,9);
INSERT INTO "auth_user_user_permissions" VALUES(10,1,10);
INSERT INTO "auth_user_user_permissions" VALUES(11,1,11);
INSERT INTO "auth_user_user_permissions" VALUES(12,1,12);
INSERT INTO "auth_user_user_permissions" VALUES(13,1,13);
INSERT INTO "auth_user_user_permissions" VALUES(14,1,14);
INSERT INTO "auth_user_user_permissions" VALUES(15,1,15);
INSERT INTO "auth_user_user_permissions" VALUES(16,1,16);
INSERT INTO "auth_user_user_permissions" VALUES(17,1,17);
INSERT INTO "auth_user_user_permissions" VALUES(18,1,18);
INSERT INTO "auth_user_user_permissions" VALUES(19,1,19);
INSERT INTO "auth_user_user_permissions" VALUES(20,1,20);
INSERT INTO "auth_user_user_permissions" VALUES(21,1,21);
INSERT INTO "auth_user_user_permissions" VALUES(22,1,22);
INSERT INTO "auth_user_user_permissions" VALUES(23,1,23);
INSERT INTO "auth_user_user_permissions" VALUES(24,1,24);
CREATE TABLE "auth_user_groups" (
    "id" integer NOT NULL PRIMARY KEY,
    "user_id" integer NOT NULL,
    "group_id" integer NOT NULL REFERENCES "auth_group" ("id"),
    UNIQUE ("user_id", "group_id")
);
CREATE TABLE "auth_user" (
    "id" integer NOT NULL PRIMARY KEY,
    "username" varchar(30) NOT NULL UNIQUE,
    "first_name" varchar(30) NOT NULL,
    "last_name" varchar(30) NOT NULL,
    "email" varchar(75) NOT NULL,
    "password" varchar(128) NOT NULL,
    "is_staff" bool NOT NULL,
    "is_active" bool NOT NULL,
    "is_superuser" bool NOT NULL,
    "last_login" datetime NOT NULL,
    "date_joined" datetime NOT NULL
);
INSERT INTO "auth_user" VALUES(1,'huangtao','','','617047494@qq.com','pbkdf2_sha256$10000$DqxrX18kFHoh$5p6N9fcBc8Z5e//df4BahPjsBJMhTXwitU1AFEGkHII=',1,1,1,'2014-09-16 12:43:41.068000','2014-09-12 03:08:26');
INSERT INTO "auth_user" VALUES(2,'tester','','','','pbkdf2_sha256$10000$Vs6jv2lBO62l$rA+Dz2irt+la2gk4uhnUtg/jEK03CA6G8qLDimYAlyU=',0,1,0,'2014-09-12 03:10:34.767000','2014-09-12 03:10:34.767000');
CREATE TABLE "django_content_type" (
    "id" integer NOT NULL PRIMARY KEY,
    "name" varchar(100) NOT NULL,
    "app_label" varchar(100) NOT NULL,
    "model" varchar(100) NOT NULL,
    UNIQUE ("app_label", "model")
);
INSERT INTO "django_content_type" VALUES(1,'permission','auth','permission');
INSERT INTO "django_content_type" VALUES(2,'group','auth','group');
INSERT INTO "django_content_type" VALUES(3,'user','auth','user');
INSERT INTO "django_content_type" VALUES(4,'content type','contenttypes','contenttype');
INSERT INTO "django_content_type" VALUES(5,'session','sessions','session');
INSERT INTO "django_content_type" VALUES(6,'site','sites','site');
INSERT INTO "django_content_type" VALUES(7,'log entry','admin','logentry');
INSERT INTO "django_content_type" VALUES(8,'campus talk','campustalk','campustalk');
CREATE TABLE "django_session" (
    "session_key" varchar(40) NOT NULL PRIMARY KEY,
    "session_data" text NOT NULL,
    "expire_date" datetime NOT NULL
);
INSERT INTO "django_session" VALUES('cb5363d278bfd5dc8679330f1c073ee2','ZmJhMjdmMTFmNWJjOTQzNGUyMTE3ZTI0MzA2YTFmYmZlYTY4MzFlMDqAAn1xAShVEl9hdXRoX3Vz
ZXJfYmFja2VuZHECVSlkamFuZ28uY29udHJpYi5hdXRoLmJhY2tlbmRzLk1vZGVsQmFja2VuZHED
VQ1fYXV0aF91c2VyX2lkcQRLAXUu
','2014-09-26 03:10:17.107000');
INSERT INTO "django_session" VALUES('4085cc6a8951ec7bec601a4f263c0a06','ZmJhMjdmMTFmNWJjOTQzNGUyMTE3ZTI0MzA2YTFmYmZlYTY4MzFlMDqAAn1xAShVEl9hdXRoX3Vz
ZXJfYmFja2VuZHECVSlkamFuZ28uY29udHJpYi5hdXRoLmJhY2tlbmRzLk1vZGVsQmFja2VuZHED
VQ1fYXV0aF91c2VyX2lkcQRLAXUu
','2014-09-29 03:14:48.853000');
INSERT INTO "django_session" VALUES('67c0a50a01fc9738c359cd85731754ca','ZmJhMjdmMTFmNWJjOTQzNGUyMTE3ZTI0MzA2YTFmYmZlYTY4MzFlMDqAAn1xAShVEl9hdXRoX3Vz
ZXJfYmFja2VuZHECVSlkamFuZ28uY29udHJpYi5hdXRoLmJhY2tlbmRzLk1vZGVsQmFja2VuZHED
VQ1fYXV0aF91c2VyX2lkcQRLAXUu
','2014-09-29 06:49:18.214000');
INSERT INTO "django_session" VALUES('bb2255c4fdd5a89d373af11cc1d64956','ZmJhMjdmMTFmNWJjOTQzNGUyMTE3ZTI0MzA2YTFmYmZlYTY4MzFlMDqAAn1xAShVEl9hdXRoX3Vz
ZXJfYmFja2VuZHECVSlkamFuZ28uY29udHJpYi5hdXRoLmJhY2tlbmRzLk1vZGVsQmFja2VuZHED
VQ1fYXV0aF91c2VyX2lkcQRLAXUu
','2014-09-30 08:24:27.062000');
INSERT INTO "django_session" VALUES('0acba106f2d3f480387c1bcd31fb76dc','ZmJhMjdmMTFmNWJjOTQzNGUyMTE3ZTI0MzA2YTFmYmZlYTY4MzFlMDqAAn1xAShVEl9hdXRoX3Vz
ZXJfYmFja2VuZHECVSlkamFuZ28uY29udHJpYi5hdXRoLmJhY2tlbmRzLk1vZGVsQmFja2VuZHED
VQ1fYXV0aF91c2VyX2lkcQRLAXUu
','2014-09-30 12:43:41.076000');
CREATE TABLE "django_site" (
    "id" integer NOT NULL PRIMARY KEY,
    "domain" varchar(100) NOT NULL,
    "name" varchar(50) NOT NULL
);
INSERT INTO "django_site" VALUES(1,'example.com','example.com');
CREATE TABLE "django_admin_log" (
    "id" integer NOT NULL PRIMARY KEY,
    "action_time" datetime NOT NULL,
    "user_id" integer NOT NULL REFERENCES "auth_user" ("id"),
    "content_type_id" integer REFERENCES "django_content_type" ("id"),
    "object_id" text,
    "object_repr" varchar(200) NOT NULL,
    "action_flag" smallint unsigned NOT NULL,
    "change_message" text NOT NULL
);
INSERT INTO "django_admin_log" VALUES(1,'2014-09-12 03:10:35.202000',1,3,'2','tester',1,'');
INSERT INTO "django_admin_log" VALUES(2,'2014-09-15 03:13:28.161000',1,3,'1','huangtao',2,'Changed password and user_permissions.');
INSERT INTO "django_admin_log" VALUES(3,'2014-09-15 03:14:10.014000',1,3,'1','huangtao',2,'Changed password and user_permissions.');
INSERT INTO "django_admin_log" VALUES(4,'2014-09-15 03:29:40.684000',1,8,'1','CampusTalk object',1,'');
INSERT INTO "django_admin_log" VALUES(5,'2014-09-15 06:52:50.261000',1,8,'1','搜狐 华中科技大学',2,'Changed company_name, date, location, author and content.');
INSERT INTO "django_admin_log" VALUES(6,'2014-09-15 06:53:05.187000',1,8,'1','搜狐 华中科技大学',2,'Changed content.');
INSERT INTO "django_admin_log" VALUES(7,'2014-09-15 07:03:26.375000',1,8,'1','搜狐 八号楼报告厅',2,'Changed university, date and location.');
INSERT INTO "django_admin_log" VALUES(8,'2014-09-15 08:52:23.201000',1,8,'1','搜狐 华中科技大学',2,'No fields changed.');
INSERT INTO "django_admin_log" VALUES(9,'2014-09-16 07:29:00.683000',1,8,'1','搜狐 华中科技大学',2,'Changed content.');
INSERT INTO "django_admin_log" VALUES(10,'2014-09-16 07:29:13.274000',1,8,'1','搜狐 华中科技大学',2,'Changed content.');
INSERT INTO "django_admin_log" VALUES(11,'2014-09-16 12:45:39.463000',1,8,'1','搜狐 华中科技大学',2,'Changed content.');
INSERT INTO "django_admin_log" VALUES(12,'2014-09-16 12:51:41.232000',1,8,'1','搜狐 华中科技大学',2,'Changed content.');
INSERT INTO "django_admin_log" VALUES(13,'2014-09-16 13:39:21.017000',1,8,'2','爱奇艺 华中科技大学',1,'');
INSERT INTO "django_admin_log" VALUES(14,'2014-09-16 13:42:49.090000',1,8,'2','爱奇艺 华中科技大学',2,'Changed content.');
INSERT INTO "django_admin_log" VALUES(15,'2014-09-16 13:46:02.539000',1,8,'2','爱奇艺 华中科技大学',2,'Changed content.');
CREATE TABLE "campustalk_campustalk" (
    "id" integer NOT NULL PRIMARY KEY,
    "company_name" varchar(40) NOT NULL,
    "date" datetime,
    "location" varchar(60) NOT NULL,
    "author" varchar(20) NOT NULL,
    "content" text NOT NULL
, university varchar(40));
INSERT INTO "campustalk_campustalk" VALUES(1,'搜狐','2014-09-13 10:30:00','八号楼报告厅','黄涛','<p style="text-align:center"><strong><span style="font-size:19px;font-family:宋体">搜狐宣讲记录</span></strong></p><p style="text-align:center"><span style="font-size:16px;font-family:宋体">今天的宣讲会主要由公司介绍，招聘部门宣讲，</span><span style="font-size:16px">Q&amp;A</span><span style="font-size:16px;font-family:宋体">环节三部分。</span></p><p style="margin-left:0;text-align:center;text-indent:0"><span style="font-size:21px">一&nbsp;</span><strong><span style="font-size:21px">HR</span></strong><strong><span style="font-size:21px;font-family:宋体">介绍公司近况</span></strong></p><p><span style="font-size:16px">&nbsp;&nbsp; HR</span><span style="font-size:16px;font-family:宋体">讲述了搜狐的发展历史，加入搜狐的前景所在，并同时讲述了它的门户模式和它上市，盈利，收购的历史以及近几年的发展。同时提到重要的一点在于</span><span style="font-size:16px">--</span><span style="font-size:16px;font-family:宋体">可靠的平台是支持成功的重要因素，所以选择好平台对未来的发展至关重要。</span></p><p><span style="font-size:16px">&nbsp;&nbsp; HR</span><span style="font-size:16px;font-family:宋体">也同时讲述了搜狐的业务平台，包括四个方面。</span></p><p><span style="font-size:16px">&nbsp;&nbsp; </span><strong><span style="font-size:16px;font-family:宋体">媒体</span></strong><span style="font-size:16px;font-family:宋体">（例：搜狐娱乐），<strong>视频</strong>（搜狐视频等），<strong>搜索</strong>（搜狗搜索，输入法），<strong>游戏</strong>等。</span></p><p><span style="font-size:16px">&nbsp;&nbsp; </span><span style="font-size:16px;font-family:宋体">当然企业氛围也是必须要介绍的一点。虽然搜狐没有</span><span style="font-size:16px">bat</span><span style="font-size:16px;font-family: 宋体">所占据的市场份额多，但是其所具有的美式风格使得工作氛围极具创造性和自由性，它同时也弱化科室制度，让事务处理更为扁平化。在员工待遇这些，搜狐有最近在中关村建好的搜狐媒体大厦和完善的薪酬保障，你的收入待遇是和你的个人能力成正比，根据你在面试和工作中的表现来决定你的工作岗位。搜狐在薪酬，社保，福利等方面都做得很好，有</span><span style="font-size:16px">15</span><span style="font-size:16px;font-family:宋体">天带薪年假，同时在北京公司有班车接送上班，新入职的员工将参加搜狐新生训练营。公司对待员工有成熟的培养机制，对待新员工有培训和发展。开辟有<strong>管理发展道路</strong>和<strong>专业发展道路</strong>。同时也会有丰富的活动，像技术交流会和读书分享会。</span></p><p style="text-align: center;"><span style="font-size:21px">二&nbsp;</span><strong><span style="font-size:21px;font-family:宋体">招聘部门宣讲</span></strong></p><p><strong><span style="font-size:16px">1</span></strong><strong><span style="font-size:16px;font-family:宋体">媒体产品技术中心</span></strong><strong><span style="font-size:16px">--</span></strong><strong><span style="font-size: 16px;font-family:宋体">樊功臣</span></strong></p><p><strong><span style="font-size:16px">&nbsp;&nbsp;&nbsp;&nbsp;&nbsp; </span></strong><span style="font-size:16px;font-family:宋体">他提到了此部门下属的几个部门，即搜狐整体用户平台支撑，包括</span><span style="font-size:16px">cmS,</span><span style="font-size:16px;font-family: 宋体">搜生活，搜狐快站，搜狐畅言。</span></p><p><span style="font-size:16px">&nbsp;&nbsp;&nbsp;&nbsp;&nbsp; </span><span style="font-size:16px;font-family:宋体">搜狐当前主要的目标是实现从媒体平台到电商平台的转换，从</span><span style="font-size:16px">pc</span><span style="font-size:16px;font-family: 宋体">端到移动端的主趋势发展，同时注重年轻化和精英化。这也体现在</span><span style="font-size:16px">cmS</span><span style="font-size:16px;font-family:宋体">团队中，</span><span style="font-size:16px">10</span><span style="font-size:16px;font-family:宋体">人产品技术团队；搜生活主要涵盖教育，健康和旅游；搜狐快站主要体现在用户云平台上，建立移动端站点和自动生成</span><span style="font-size:16px">APP</span><span style="font-size:16px;font-family:宋体">；搜狐畅言主要为社会化评论系统。</span></p><p><span style="font-size:16px">&nbsp;&nbsp;&nbsp;&nbsp; </span><span style="font-size:16px;font-family:宋体">所招聘的岗位主要有数据分析，测试运营专员，</span><span style="font-size:16px">ios</span><span style="font-size:16px;font-family:宋体">工程师，</span><span style="font-size:16px">web</span><span style="font-size:16px;font-family:宋体">前端工程师，</span><span style="font-size:16px">web</span><span style="font-size:16px;font-family: 宋体">后台工程师，安卓工程师，视觉设计师等。同时此部还会定期举行黑客马拉松，提倡“</span><span style="font-size:16px">work hard,play harder</span><span style="font-size:16px;font-family:宋体">”。</span></p><p><strong><span style="font-size:16px">2</span></strong><strong><span style="font-size:16px;font-family:宋体">搜狐汽车事业部</span></strong><strong><span style="font-size:16px">---</span></strong><strong><span style="font-size:16px;font-family:宋体">互联网</span></strong><strong><span style="font-size:16px">+</span></strong><strong><span style="font-size:16px;font-family:宋体">汽车</span></strong></p><p><span style="font-size:16px;font-family:宋体">奔跑在时代前沿，特点</span><span style="font-size:16px">-</span><span style="font-size:16px;font-family:宋体">好玩</span><span style="font-size:16px">+</span><span style="font-size:16px;font-family:宋体">科技，属于搜狐媒体平台核心板块，涵盖</span><span style="font-size:16px">15</span><span style="font-size:16px;font-family:宋体">个部门。</span></p><p><span style="font-size:16px;font-family:宋体">主需</span><span style="font-size:16px">--</span><span style="font-size:16px;font-family:宋体">编辑，产品，数据，运营，工程师。</span></p><p><span style="font-size:16px;font-family:宋体">其发展的方向主要有以下三方面：</span></p><p><strong><span style="font-size:16px;font-family:宋体">无人驾驶</span></strong><strong><span style="font-size:16px">--</span></strong><strong><span style="font-size: 16px;font-family:宋体">例；</span></strong><strong><span style="font-size:16px">Google</span></strong><strong><span style="font-size:16px;font-family:宋体">做的无人驾驶汽车</span></strong></p><p><strong><span style="font-size:16px;font-family:宋体">车联网</span></strong><strong><span style="font-size:16px">--</span></strong><strong><span style="font-size: 16px;font-family:宋体">苹果和安卓已经在发展，</span></strong><strong><span style="font-size: 16px">carnet carplay,andriod auto</span></strong></p><p><strong><span style="font-size:16px;font-family:宋体">云服务</span></strong><strong><span style="font-size:16px">--</span></strong><strong><span style="font-size: 16px;font-family:宋体">搜狐云</span></strong></p><p><span style="font-size:16px;font-family:宋体">这一部门的发展主要需求克服资金门槛和技术壁垒。</span></p><p><span style="font-size:16px;font-family:宋体">这一部门需要技术狂人和汽车达人，需要有热情的求职者，需要对汽车的热爱和互联网精神，另外的福利：此部门职员有参加世界车展的机会。</span></p><p><strong><span style="font-size:16px">3</span></strong><strong><span style="font-size:16px;font-family:宋体">搜狐北京研发中心</span></strong></p><p><strong><span style="font-size:16px;font-family:宋体">主方向：搜狐云存储，云服务数据管理平台</span></strong></p><p><span style="font-size:16px;font-family:宋体">需要极客情怀，需要主动精神的实践者和敏锐的行业观察员，需要技术精英进行项目管理。</span></p><p><strong><span style="font-size:16px;font-family:宋体">主要包括</span></strong><strong><span style="font-size:16px">--pallas</span></strong> <span style="font-size:16px;font-family: 宋体">存储系统</span></p><p><span style="font-size:16px">&nbsp;&nbsp;&nbsp;&nbsp;&nbsp;&nbsp;&nbsp;&nbsp; <strong>Cube </strong>&nbsp;</span><span style="font-size:16px;font-family:宋体">数据库</span></p><p><span style="font-size:16px">&nbsp;&nbsp;&nbsp;&nbsp;&nbsp;&nbsp;&nbsp;&nbsp; <strong>Btq&nbsp; </strong></span><span style="font-size:16px;font-family:宋体">任务队列服务</span></p><p><span style="font-size:16px">&nbsp;&nbsp;&nbsp;&nbsp;&nbsp;&nbsp;&nbsp;&nbsp; </span><span style="font-size:16px;font-family:宋体">图片处理技术</span><span style="font-size:16px">--</span><span style="font-size:16px;font-family:宋体">智能的图片压缩，优化存储效率，大数据分析，智能图像分析</span></p><p style="margin-left:0;text-indent:0"><strong><span style="font-size:16px">4.</span></strong><strong><span style="font-size:16px;font-family:宋体">武汉研发中心</span></strong><strong><span style="font-size:16px">-</span></strong><strong><span style="font-size:16px;font-family:宋体">（企业网盘，基础平台，测试服务）</span></strong></p><p><strong><span style="font-size:16px">2012</span></strong><strong><span style="font-size:16px;font-family:宋体">年成立，办公地点位于光谷</span></strong></p><p><span style="font-size:16px;font-family:宋体">创新产品的孵化基地</span><span style="font-size:16px">--</span><span style="font-size:16px;font-family:宋体">例如；</span></p><p><span style="font-size:16px">sendcloud </span><span style="font-size:16px;font-family:宋体">对开发者提供服务</span></p><p><span style="font-size:16px;font-family:宋体">企业网盘的开发</span></p><p><span style="font-size:16px;font-family:宋体">对云存储的深入研究</span></p><p><span style="font-size:16px;font-family:宋体">搜狐私有云</span><span style="font-size:16px">--</span><span style="font-size:16px;font-family:宋体">面向开发者的服务</span></p><p><span style="font-size:16px;font-family:宋体">数据库服务</span><span style="font-size:16px">--</span><span style="font-size:16px;font-family:宋体">缓存服务，存储服务，监控服务</span></p><p><span style="font-size:16px">Linux Kernel</span></p><p><span style="font-size:16px;font-family:宋体">面向客户的产品</span><span style="font-size:16px">Hadoop</span><span style="font-size:16px;font-family:宋体">（分布式处理大数据云平台的框架），</span><span style="font-size: 16px">Hadoop</span><span style="font-size:16px;font-family:宋体">社区版</span></p><p><span style="font-size:16px;font-family:宋体">测试平台</span><span style="font-size:16px">--1.</span><span style="font-size:16px;font-family:宋体">性能测试平台</span></p><p><span style="font-size:16px">&nbsp;&nbsp;&nbsp;&nbsp;&nbsp;&nbsp;&nbsp;&nbsp;&nbsp; 2.</span><span style="font-size:16px;font-family:宋体">手机安卓测试平台</span></p><p><span style="font-size:16px">&nbsp;&nbsp;&nbsp;&nbsp;&nbsp;&nbsp;&nbsp;&nbsp;&nbsp; 3.</span><span style="font-size:16px;font-family:宋体">测试环境模拟</span></p><p><span style="font-size:16px;font-family:宋体">武汉研发中心的团队业余生活也很丰富，会举办生日会等各种活动。</span></p><p style="text-align:center"><strong><span style="font-size:21px">三 Q&amp;A</span></strong></p><p><span style="font-size:16px">Q</span><span style="font-size:16px;font-family:宋体">：基础平台的运维工作内容主要有哪些？主要需求哪些语言？</span></p><p><span style="font-size:16px">A</span><span style="font-size:16px;font-family:宋体">：有科研风暴的同学解决平台的</span><span style="font-size:16px">bug,</span><span style="font-size:16px;font-family: 宋体">优化框架，改进框架的漏洞，平台是以</span><span style="font-size:16px">Java</span><span style="font-size:16px;font-family:宋体">为基础的开发语言。</span></p><p><span style="font-size:16px">Q</span><span style="font-size:16px;font-family:宋体">：创新产品的发展方向？</span></p><p><span style="font-size:16px">A</span><span style="font-size:16px;font-family:宋体">：由高新技术转化为面向企业的服务。</span></p><p><span style="font-size:16px">Q</span><span style="font-size:16px;font-family:宋体">：一个产品经理的成功是如何定义标准的？</span></p><p><span style="font-size:16px">A</span><span style="font-size:16px;font-family:宋体">：产品经理和自己的产品挂钩，成功的没有具体的标准，在于一个产品占取的市场份额。</span></p><p><span style="font-size:16px">Q</span><span style="font-size:16px;font-family:宋体">：在搜狐的产品客户端的移动端方面，安卓和</span><span style="font-size:16px">ios</span><span style="font-size:16px;font-family:宋体">的用户比例？</span></p><p><span style="font-size:16px">A</span><span style="font-size:16px;font-family:宋体">：基本和使用两种类型手机的用户比相同。当具有足够的覆盖率，产生的商业收入也可以同比。</span></p><p><span style="font-size:16px">Q</span><span style="font-size:16px;font-family:宋体">：搜狐汽车是否接受文科学生？</span></p><p><span style="font-size:16px">A</span><span style="font-size:16px;font-family:宋体">：营销推广不分文理，编辑岗和市场营销均可。</span></p><p><span style="font-size:16px">Q</span><span style="font-size:16px;font-family:宋体">：在武汉研发中心，</span><span style="font-size:16px">web</span><span style="font-size:16px;font-family: 宋体">后台具体做什么项目？</span></p><p><span style="font-size:16px">A</span><span style="font-size:16px;font-family:宋体">：企业网盘，架构的优化，远期会有其他项目。</span></p><p><span style="font-size:16px">Q</span><span style="font-size:16px;font-family:宋体">：是否招收</span><span style="font-size:16px">windows phone</span><span style="font-size:16px;font-family:宋体">的工程师？</span></p><p><span style="font-size:16px">A</span><span style="font-size:16px;font-family:宋体">：暂时没有。</span></p><p><span style="font-size:16px">Q</span><span style="font-size:16px;font-family:宋体">：搜狐在很多方面都在做，感觉很多互联网企业有些项目的发展都有点像散沙，搜狐是否有形成一个涵盖多方面的具体模块？</span></p><p><span style="font-size:16px">A</span><span style="font-size:16px;font-family:宋体">：目前正在深入的搜狗搜索即为这样一种具体的深入的模块。</span></p><p><span style="font-size:16px">Q</span><span style="font-size:16px;font-family:宋体">：武汉研发中心的规模在今后是否会扩大？</span></p><p><span style="font-size:16px">A</span><span style="font-size:16px;font-family:宋体">：根据成员的水平，如果成员做出的产品很好，那自然在今后的几年会有自己的大楼。</span></p><p><span style="font-size:16px">Q</span><span style="font-size:16px;font-family:宋体">：搜狐对产品经理的要求？</span></p><p><span style="font-size:16px">A</span><span style="font-size:16px;font-family:宋体">：相信互联网，没有对专业的限制，通过对互联网的兴趣来判断是否适合。这当然也会反映到你的简历上是否在大一大二大三阶段是否参加过很多产品活动。</span></p><p><span style="font-size:16px">Q</span><span style="font-size:16px;font-family:宋体">：用户端界面的设计需要改进？</span></p><p><span style="font-size:16px">A</span><span style="font-size:16px;font-family:宋体">：黄黑的配色是合理的，黄黑是动物界危险的颜色，极具提醒，这个符合用户体验。</span></p><p><span style="font-size:16px">Q</span><span style="font-size:16px;font-family:宋体">：媒体数据处理？</span></p><p><span style="font-size:16px">A</span><span style="font-size:16px;font-family:宋体">：对用户进行个性化的投递。</span></p><p><span style="font-size:16px">Q</span><span style="font-size:16px;font-family:宋体">：搜生活对于互联网医疗的服务？</span></p><p><span style="font-size:16px">A</span><span style="font-size:16px;font-family:宋体">：移动医疗现在发展还处于外围，在我国，患者人群，医生医疗还处于很复杂的关系，在医疗方面的发展还在进行，已经有同移动医疗公司合作的意向。</span></p>','华中科技大学');
INSERT INTO "campustalk_campustalk" VALUES(2,'爱奇艺','2014-09-15 10:30:00','大学生活动中心A栋513多媒体教室','黄涛','<h1 style="text-align:center"><a name="_Toc29792"></a><span style="font-family:宋体">第一部分</span>:<span style="font-family:宋体">公司介绍（</span>HR<span style="font-family:宋体">分享）</span></h1><h2><a name="_Toc6779"></a>1.<span style="font-family:黑体">这里有什么？</span></h2><p style="text-indent:32px"><span style="font-size:16px;font-family:宋体;color:#FF6600">梦想</span><span style="font-size:16px;font-family:&#39;Verdana&#39;,&#39;sans-serif&#39;;color:#FF6600">+</span><span style="font-size: 16px;font-family:宋体;color:#FF6600">正确路线</span><span style="font-size:16px;font-family:&#39;Verdana&#39;,&#39;sans-serif&#39;;color:#FF6600">+</span><span style="font-size:16px;font-family:宋体;color:#FF6600">职位工作</span><span style="font-size:16px;font-family:&#39;Verdana&#39;,&#39;sans-serif&#39;;color:#FF6600">+</span><span style="font-size:16px;font-family:宋体;color:#FF6600">平台空间</span></p><h3><a name="_Toc19255"></a>1.1<span style="font-family:宋体">关于梦想</span></h3><p><span style="font-size:16px;font-family:宋体">每个人都有着对以后的规划和希望，在这里你可以实现自己的梦想，从简单的层次，薪资不是问题，如果你有很多想法，这里能给你提供足够的发展空间，我们也愿意接纳“</span><span style="font-size:16px">90</span><span style="font-size:16px;font-family:宋体">后”不同的小个性。</span></p><h3><a name="_Toc28748"></a>1.2<span style="font-family:宋体">正确路线</span></h3><p><span style="font-size:16px;font-family:宋体">爱奇艺旨在打造中国网络视频行业领导品牌</span></p><h3><a name="_Toc14820"></a>1.3<span style="font-family:宋体">职位工作</span></h3><p><span style="font-size:16px;font-family:宋体">会在后面的招聘职位做介绍</span></p><h3><a name="_Toc22148"></a>1.4<span style="font-family:宋体">平台空间</span></h3><p><span style="font-size:16px;font-family:宋体">在这里，你将会拥有快速发展期的机遇</span></p><h2 style="margin-left:0;text-indent:0"><a name="_Toc26782"></a>2.<span style="font-family:黑体">公司发展</span></h2><h3><a name="_Toc15826"></a>2.1<span style="font-family:宋体">公司首席执行官</span></h3><p><span style="font-size:16px;font-family:宋体">龚宇：爱奇艺首席执行官</span></p><p><span style="font-size: 16px;font-family: 宋体">个人简介：</span></p><p><span style="font-size: 16px;font-family: Verdana, sans-serif">2003</span><span style="font-size: 16px;font-family: 宋体">年</span><span style="font-size: 16px;font-family: Verdana, sans-serif">11</span><span style="font-size: 16px;font-family: 宋体">月，带领焦点网及其管理团队加盟搜狐公司，历任副总裁、高级副总裁、首席运营官；负责焦点网、搜狐网、互动中心、无线业务、奥运等业务；</span></p><p><span style="font-size: 16px;font-family: Verdana, sans-serif">2009</span><span style="font-size: 16px;font-family: 宋体">年</span><span style="font-size: 16px;font-family: Verdana, sans-serif">2</span><span style="font-size: 16px;font-family: 宋体">月，加入无限讯奇</span><span style="font-size: 16px;font-family: Verdana, sans-serif">(12580)</span><span style="font-size: 16px;font-family: 宋体">，任总裁兼首席运营官；</span></p><p><span style="font-size: 16px;font-family: Verdana, sans-serif">2010</span><span style="font-size: 16px;font-family: 宋体">年</span><span style="font-size: 16px;font-family: Verdana, sans-serif">1</span><span style="font-size: 16px;font-family: 宋体">月，龚宇先生创办了百度旗下独立高清正版视频网站奇艺</span><span style="font-size: 16px;font-family: Verdana, sans-serif">(www.qiyi.com)</span><span style="font-size: 16px;font-family: 宋体">，任首席执行官。</span></p><p><span style="font-size: 16px;font-family: 宋体">担任爱奇艺首席执行官后，龚宇表示这将是其</span><span style="font-size:16px;font-family:宋体;color:#FF6600">最后一站</span><span style="font-size: 16px;font-family: 宋体">。</span></p><h3><a name="_Toc4448"></a>2.2<span style="font-family:宋体">我们有责任</span></h3><p><span style="font-size: 16px;font-family: Verdana, sans-serif">2.2.1</span><span style="font-size: 16px;font-family: 宋体">好的行业平台</span></p><p><span style="font-size: 16px;font-family: 宋体">百度的“登陆页战略”：视频行业将成为百度未来五年的新增长点。</span></p><p><span style="font-size: 16px;font-family: 宋体">全中国的视频用户大约是</span><span style="font-size: 16px;font-family: Verdana, sans-serif">4.28</span><span style="font-size: 16px;font-family: 宋体">亿，其中爱奇艺所占比例的</span><span style="font-size: 16px;font-family: Verdana, sans-serif">72%</span><span style="font-size: 16px;font-family: 宋体">。用一个能使这个数据更加直观的例子：淘宝的用户覆盖是</span><span style="font-size: 16px;font-family: Verdana, sans-serif">2.8</span><span style="font-size: 16px;font-family: 宋体">亿。由此可见，我国视频的市场是非常广阔的，而爱奇艺在其中又占了相当大的比重。</span></p><p><span style="font-size: 16px;font-family: 宋体">去年爱奇艺与</span><span style="font-size: 16px;font-family: Verdana, sans-serif">PPS</span><span style="font-size: 16px;font-family: 宋体">合作以来，连续八个月在</span><span style="font-size: 16px;font-family: Verdana, sans-serif">PC</span><span style="font-size: 16px;font-family: 宋体">端、移动端的覆盖率均达到了月覆盖率第一。</span></p><p><span style="font-size: 16px;font-family: 宋体">在各个电视频道也很有优势：动漫频道、综艺频道、纪录片频道在整个市场上都是行业第一。</span></p><p><span style="font-size: 16px;font-family: 宋体">客户端安装量优势明显，突破四亿。</span></p><p><span style="font-size: 16px;font-family: Verdana, sans-serif">2.2.2</span><span style="font-size: 16px;font-family: 宋体">好的产品</span></p><p><span style="font-size: 16px;font-family: 宋体">爱奇艺与</span><span style="font-size: 16px;font-family: Verdana, sans-serif">TCL</span><span style="font-size: 16px;font-family: 宋体">合作，推出了爱奇艺电视、机顶盒、爱奇艺手机、游戏机。其中爱奇艺电视是整个行业中最薄的，拥有</span><span style="font-size: 16px;font-family: Verdana, sans-serif">8</span><span style="font-size: 16px;font-family: 宋体">项专利；</span><span style="font-size: 16px;font-family: Verdana, sans-serif">9</span><span style="font-size: 16px;font-family: 宋体">月份在线发售</span><span style="font-size: 16px;font-family: Verdana, sans-serif">PSP,999</span><span style="font-size: 16px;font-family: 宋体">元。</span></p><p><span style="font-size: 16px;font-family: Verdana, sans-serif">2.2.3</span><span style="font-size: 16px;font-family: 宋体">重视专利</span></p><p><span style="font-size: 16px;font-family: 宋体">一、视链技术</span></p><p style="text-indent:28px"><span style="font-size: 16px;font-family: 宋体">播放视频时，将鼠标放在人物图片上便可显示人物的相关信息，主演过的电视剧等；电视剧中出现的产品的信息。</span></p><p style="margin-left:0;text-indent:0"><span style="font-size: 16px;font-family: Verdana, sans-serif">二、</span><span style="font-size: 16px;font-family: 宋体">奇魔技术</span></p><p style="text-indent:28px"><span style="font-size: 16px;font-family: 宋体">首个申请专利，实现手机对电视的操作：通过爱奇艺机顶盒将手机正在看的视频同步到电视机播放。爱奇艺的各种产品均可实现互相同步的功能。</span></p><p><span style="font-size:16px;font-family:宋体;color:#FF6600">说明：强调爱奇艺对专利的重视，正是基于爱奇艺“创新”这一企业文化。在爱奇艺专利技术的申请是个人的，也就是说，离开公司后，专利权也依然属于发明人自己；爱奇艺不仅有创意邮箱，也成立了自己的专利委员会，指导帮助大家撰写专利申请。</span></p><p><span style="font-size:16px;font-family:&#39;Verdana&#39;,&#39;sans-serif&#39;">2.2.4</span><span style="font-size:16px;font-family:宋体">盈利能力</span></p><p><span style="font-size:16px;font-family:宋体">传统平面广告的收入份额由传统的</span><span style="font-size:16px;font-family:&#39;Verdana&#39;,&#39;sans-serif&#39;">50%</span><span style="font-size:16px;font-family:宋体">降到了</span><span style="font-size:16px;font-family:&#39;Verdana&#39;,&#39;sans-serif&#39;">20%</span><span style="font-size:16px;font-family:宋体">，视频行业的收入增速很快；</span><span style="font-size:16px;font-family:&#39;Verdana&#39;,&#39;sans-serif&#39;">2014</span><span style="font-size:16px;font-family:宋体">年视频广告份额到目前已突破</span><span style="font-size:16px;font-family:&#39;Verdana&#39;,&#39;sans-serif&#39;">180</span><span style="font-size:16px;font-family:宋体">亿。</span></p><p><span style="font-size:16px;font-family:&#39;Verdana&#39;,&#39;sans-serif&#39;">2.2.5</span><span style="font-size:16px;font-family:宋体">内容</span></p><p style="text-indent:28px"><span style="font-size:16px;font-family:宋体">不仅有买到最火的电视剧资源，也有相当多的自制节目：晓松奇谈、大魔术师、汉字英雄等。</span></p><p style="text-indent:28px"><span style="font-size:16px;font-family:宋体">爱奇艺大电影计划：“</span><span style="font-size:16px;font-family:&#39;Verdana&#39;,&#39;sans-serif&#39;">7+1</span><span style="font-size:16px;font-family:宋体">”</span><span style="font-size:16px;font-family:&#39;Verdana&#39;,&#39;sans-serif&#39;">:</span><span style="font-size:16px;font-family: 宋体">爱奇艺影业成立后，计划在今年拍摄</span><span style="font-size:16px;font-family:&#39;Verdana&#39;,&#39;sans-serif&#39;">7</span><span style="font-size:16px;font-family:宋体">部国内影片，</span><span style="font-size:16px;font-family:&#39;Verdana&#39;,&#39;sans-serif&#39;">1</span><span style="font-size:16px;font-family: 宋体">部好莱坞影片。</span></p><p><span style="font-size:16px;font-family:宋体">总结：爱奇艺是一家有梦想的公司，致力于改变整个行业和用户的视频行业的体验，我们的梦想是全天候的在线视频平台。</span></p><h1 style="text-align:center"><a name="_Toc31782"></a><span style="font-family:宋体">第二部分：产品介绍（产品经理分享）</span></h1><h2 style="margin-left:0;text-indent:0"><a name="_Toc11958"></a>1.<span style="font-family:黑体">产品种类</span></h2><p style="text-indent:28px"><span style="font-size:16px;font-family:宋体">全面覆盖电视端、</span><span style="font-size:16px">PC</span><span style="font-size:16px;font-family:宋体">端、手机端、</span><span style="font-size:16px">PAD</span><span style="font-size:16px;font-family:宋体">端。</span></p><p style="text-indent:28px"><span style="font-size:16px">PC</span><span style="font-size:16px;font-family:宋体">网页端和</span><span style="font-size:16px">PC</span><span style="font-size:16px;font-family:宋体">客户端都有我们的业务。爱奇艺也在致力于打造完整的产品链，包括从上游的内容制作到视频剪辑等中间环节，到最后的售货环节，将形成一个完整的生态圈。</span></p><p style="text-indent:28px"><span style="font-size:16px;font-family:宋体">爱奇艺也有很多的全网独播的资源，比如“爸爸去哪儿”、“康熙来了</span><span style="font-size:16px"><br/> </span><span style="font-size:16px;font-family: 宋体">、“快乐大本营”。</span></p><p style="text-indent:28px"><span style="font-size:16px;font-family:宋体">视频用户在由</span><span style="font-size:16px">PC</span><span style="font-size:16px;font-family:宋体">端向移动端迁移。爱奇艺在移动端也有</span><span style="font-size:16px">iPad</span><span style="font-size:16px;font-family:宋体">，</span><span style="font-size:16px">windows phone</span><span style="font-size:16px;font-family:宋体">等其他的一些安卓的平板电脑。爱奇艺也是首家开始为</span><span style="font-size:16px">iPhone6</span><span style="font-size:16px;font-family:宋体">做视频匹配工作的公司。</span></p><p style="text-indent:28px"><span style="font-size:16px;font-family:宋体">“啪啪奇”：手机摄影机。爱奇艺动画版，爱奇艺纪录片版。</span></p><h2><a name="_Toc5325"></a>2<span style="font-family:黑体">战略</span></h2><p style="text-indent:28px"><span style="font-family:宋体">爱奇艺</span>inside<span style="font-family:宋体">：在爱奇艺电视机、机顶盒、手机（首家主打视频的手机）推出新产品。</span></p><h2 style="margin-left:0;text-indent:0"><a name="_Toc9697"></a>3.<span style="font-family:黑体">特色产品</span></h2><p><span style="font-size:16px">3.1</span><span style="font-size:16px;font-family:宋体">搜索：</span></p><p><span style="font-size:16px;font-family:宋体">支持全网搜索、语义搜索、对话式搜索。</span></p><p><span style="font-size:16px">3.2</span><span style="font-size:16px;font-family:宋体">推荐：</span></p><p><span style="font-size:16px;font-family:宋体">根据用户看过的视频，点击过的视频推荐个性化的视频内容。</span></p><p><span style="font-size:16px">3.3</span><span style="font-size:16px;font-family:宋体">精准广告系统</span></p><p><span style="font-size:16px;font-family:宋体">运用数据分析针对用户的需求投放广告，拥有超过</span><span style="font-size:16px">50</span><span style="font-size:16px;font-family:宋体">个品牌广告主的选择。</span></p><p><span style="font-size:16px">3.4</span><span style="font-size:16px;font-family:宋体">极致视听体验</span></p><p><span style="font-size:16px;font-family:宋体">免费提供包括</span><span style="font-size:16px">1080P</span><span style="font-size:16px;font-family:宋体">、</span><span style="font-size:16px">H265</span><span style="font-size:16px;font-family:宋体">、</span><span style="font-size:16px">3D</span><span style="font-size:16px;font-family:宋体">、</span><span style="font-size:16px">4K</span><span style="font-size:16px;font-family:宋体">、杜比的体验</span></p><p><span style="font-size:16px">3.5</span><span style="font-size:16px;font-family:宋体">弹幕</span></p><p><span style="font-size:16px;font-family:宋体">允许视频客户在观影时直接在屏幕上发表自己的评论。</span></p><p><span style="font-size:16px">3.6</span><span style="font-size:16px;font-family:宋体">绿镜：视频中的显微镜</span></p><p style="text-indent:28px"><span style="font-size:16px;font-family:宋体">以“快乐大本营”为例，根据上亿用户观看，数十亿次操作播放，获取最基础的用户观看操作行为，全自动获取及分析数据，快速生产出更符合用户观影习惯和偏好的视频。</span></p><p><span style="font-size:16px">3.7</span><span style="font-size:16px;font-family:宋体">一云多频、多频互动</span></p><p style="text-indent:28px"><span style="font-size:16px;font-family:宋体">在不同爱奇艺端口实现同步无缝播放。</span></p><h2 style="margin-left:0;text-indent:0"><a name="_Toc12936"></a>4.<span style="font-family:黑体">团队</span></h2><p><span style="font-size:16px">4.1</span><span style="font-size:16px;font-family:宋体">行业</span></p><p style="text-indent:28px"><span style="font-size:16px;font-family:宋体">互联网关键趋势。全国网络视频用户</span><span style="font-size: 16px">3.9</span><span style="font-size:16px;font-family:宋体">亿，覆盖率达</span><span style="font-size:16px">89.5%</span><span style="font-size:16px;font-family:宋体">。</span></p><p><span style="font-size:16px">4.2</span><span style="font-size:16px;font-family:宋体">行业轮岗</span></p><p style="text-indent:28px"><span style="font-size:16px;font-family:宋体">新进企业产品新员工在第一年加入时可以在不同端轮岗体验。</span></p><p><span style="font-size:16px">4.3</span><span style="font-size:16px;font-family:宋体">团队文化</span></p><p><span style="font-size:16px;font-family:宋体">快乐</span> <span style="font-size:16px;font-family: 宋体">阳光</span></p><p><span style="font-size:16px;font-family:宋体">创新</span> <span style="font-size:16px;font-family: 宋体">创业</span></p><p><span style="font-size:16px;font-family:宋体">专业</span> <span style="font-size:16px;font-family: 宋体">专注</span></p><p><span style="font-size:16px;font-family:宋体">节约</span> <span style="font-size:16px;font-family: 宋体">环保</span></p><p><span style="font-size:16px;font-family:宋体">结果导向</span></p><h1 style="text-align:center"><a name="_Toc28444"></a><span style="font-family:宋体">第三部分</span> <span style="font-family:宋体">技术介绍</span></h1><p style="text-indent:28px"><span style="font-size:16px;font-family:宋体">成立了领先的技术产品中心，约有三分之一的人员是从事技术的。</span></p><h2><a name="_Toc27448"></a>1.<span style="font-family:黑体">技术</span></h2><p style="text-indent:28px"><span style="font-size:16px;font-family:宋体">一云多频，</span><span style="font-size:16px">P2P</span><span style="font-size:16px;font-family:宋体">、防火墙技术、爆裂技术、防火墙技术；大数据的分析、广告系统、精准的推荐系统、用户画像系统。</span></p><p style="text-indent:28px"><span style="font-size:16px;font-family:宋体">新人进入公司将接受两类课程：</span><span style="font-size:16px">life of video</span><span style="font-size:16px;font-family:宋体">和</span><span style="font-size:16px">life of dollar </span><span style="font-size:16px;font-family:宋体">。</span></p><h2><a name="_Toc5385"></a>2.<span style="font-family:黑体">成本</span>&amp;<span style="font-family:黑体">盈利</span></h2><p style="text-indent:28px"><span style="font-size:16px;font-family:宋体">为节约成本会有自制节目，也会采购一些大型节目。</span></p><p style="text-indent:28px"><span style="font-size:16px;font-family:宋体">带宽成本：爱奇艺拥有</span><span style="font-size:16px">7G</span><span style="font-size:16px;font-family:宋体">的带宽，相当于中国互联网的</span><span style="font-size:16px">10%</span><span style="font-size:16px;font-family: 宋体">。</span></p><p style="text-indent:28px"><span style="font-size:16px;font-family:宋体">在收费方面，主要是利用投放广告和用户前向收费（包括游戏和</span><span style="font-size:16px">VIP</span><span style="font-size:16px;font-family: 宋体">会员）。</span></p><h2><a name="_Toc25113"></a>3.<span style="font-family:黑体">优势</span></h2><p style="text-indent:28px"><span style="font-size:16px;font-family:宋体">一切技术创新都为用户播放体验。爱奇艺是业界唯一一家全面部署云计算平台的网络视频公司。</span></p><p style="text-indent:28px"><span style="font-size:16px;font-family:宋体">包含计算云</span> <span style="font-size:16px;font-family:宋体">（虚拟平台：</span><span style="font-size:16px">OpenStack</span><span style="font-size:16px;font-family:宋体">平台，弹性计算。</span><span style="font-size:16px">2002</span><span style="font-size:16px;font-family:宋体">年就引入云计算技术，领先于其他企业）、网络云、存储云（规模为几十个</span><span style="font-size:16px">PB</span><span style="font-size:16px;font-family:宋体">，接近</span><span style="font-size:16px">100PB</span><span style="font-size:16px;font-family:宋体">，提供了面向对象的存储等）、服务云（中间件服务，包括高速缓存、内存数据库、编解码等）、应用云（用户上传平台）。是一家首批开源社区的合作伙伴。</span></p><p style="text-indent:28px"><span style="font-size:16px;font-family:宋体">有世界前五大的</span><span style="font-size:16px">cotain delivery network</span><span style="font-size:16px;font-family:宋体">，投资的硬件设备达到数亿美金，覆盖了全球</span><span style="font-size:16px">500</span><span style="font-size:16px;font-family:宋体">以上的数据中心网络。</span></p><p style="text-indent:28px"><span style="font-size:16px;font-family:宋体">业绩最先进的视频技术。快速高效的云计算平台。算法团队不断地做优化，智能计算：模糊背景清晰化人物；当有算法迭代时，会对视频不断做新的生产。</span></p><p style="text-indent:28px"><span style="font-size:16px;font-family:宋体">业界较大的编码云集群，每天生产约</span><span style="font-size: 16px">10</span><span style="font-size:16px;font-family:宋体">万小时的视频，上传达秒级。</span></p><h2><a name="_Toc27793"></a>4.<span style="font-family:黑体">爱奇艺与大数据</span></h2><p style="text-indent:28px"><span style="font-size:16px;font-family:宋体">最大的资源即用户数据。最强大的商业计算团队，深度数据挖掘。</span></p><p style="text-indent:28px"><span style="font-size:16px;font-family:宋体">数据来源：用户点击，网站论坛，百度，视频属性。</span></p><p style="text-indent:28px"><span style="font-size:16px;font-family:宋体">用户画像：对观影人群进行归类。</span></p><p style="text-indent:28px"><span style="font-size:16px;font-family:宋体">精准广告投放系统：</span><span style="font-size:16px">A.</span><span style="font-size:16px;font-family:宋体">高负载、高并发、精准定位、海量数据。</span></p><p style="margin-left:140px;text-indent:28px"><span style="font-size:16px">&nbsp;B.</span><span style="font-size:16px;font-family:宋体">投放要求</span><span style="font-size:16px">:</span><span style="font-size:16px;font-family: 宋体">定向城市、定向剧目、定向频道、人群匹配。</span></p><p style="text-indent:28px"><span style="font-size:16px;font-family:宋体">一搜百应：贴片广告比普通贴片广告点击量高很多，由</span><span style="font-size:16px">1.16%</span><span style="font-size:16px;font-family: 宋体">上升到</span><span style="font-size:16px">5.4%</span><span style="font-size:16px;font-family:宋体">。</span> <span style="font-size:16px;font-family:宋体">视频挖掘：观影相关性分析，每天会推荐</span><span style="font-size: 16px">10</span><span style="font-size:16px;font-family:宋体">亿的量。运用个性化推荐后，点击量提升</span><span style="font-size:16px">50%</span><span style="font-size:16px;font-family:宋体">以上。</span></p><p style="text-indent:28px"><span style="font-size:16px;font-family:宋体">跨屏用户识别：已申请专利，将电视端网络广告转移到</span><span style="font-size:16px">PC</span><span style="font-size:16px;font-family: 宋体">端和移动端。</span></p><h2><a name="_Toc17569"></a>5.<span style="font-family:黑体">与</span>PPS<span style="font-family:黑体">合作</span></h2><p style="text-indent:28px"><span style="font-size:16px;font-family:宋体">视频传输技术：</span><span style="font-size:16px">HCDN</span><span style="font-size:16px;font-family:宋体">。</span></p><p style="text-indent:28px"><span style="font-size:16px;font-family:宋体">实现了移动端到</span><span style="font-size:16px">PC</span><span style="font-size:16px;font-family:宋体">端的技术。（爱奇艺）</span><span style="font-size:16px">CDN+</span><span style="font-size:16px;font-family: 宋体">（</span><span style="font-size:16px">PPS)P2P=HCDN</span><span style="font-size: 16px;font-family:宋体">。业界唯一一家在移动端实现</span><span style="font-size:16px">HCDN</span><span style="font-size:16px;font-family:宋体">技术的公司。</span></p><p style="text-indent:28px"><span style="font-size:16px;font-family:宋体">优势：</span><span style="font-size:16px">Seek</span><span style="font-size:16px;font-family:宋体">速度快，节约约</span><span style="font-size:16px">7</span><span style="font-size:16px;font-family: 宋体">成的带宽成本。</span></p><p style="text-indent:28px"><span style="font-size:16px;font-family:宋体">业界领先的移动端编解码技术，同样的应解</span><span style="font-size: 16px">CPU</span><span style="font-size:16px;font-family:宋体">仅占用了</span><span style="font-size:16px">4%</span><span style="font-size:16px;font-family:宋体">到</span><span style="font-size:16px">9%</span><span style="font-size:16px;font-family:宋体">，而竞争对手基本都是用软件来做的，平均的</span><span style="font-size:16px">CPU</span><span style="font-size:16px;font-family:宋体">为</span><span style="font-size:16px">30%</span><span style="font-size:16px;font-family:宋体">到</span><span style="font-size:16px">60%</span><span style="font-size:16px;font-family: 宋体">，内存达到</span><span style="font-size:16px">80</span><span style="font-size:16px;font-family:宋体">到</span><span style="font-size:16px">100</span><span style="font-size:16px;font-family:宋体">兆。</span></p><h1 style="text-align:center"><a name="_Toc12477"></a><span style="font-family:宋体">第四部分</span>.<span style="font-family:宋体">招聘岗位（</span>HR<span style="font-family:宋体">介绍）</span></h1><p style="text-indent:28px"><span style="font-size:16px;font-family:宋体">爱奇艺团队发展：</span><span style="font-size:16px">2010</span><span style="font-size:16px;font-family:宋体">（</span><span style="font-size:16px">9</span><span style="font-size:16px;font-family:宋体">人）</span><span style="font-size:16px">--&gt;2011(360</span><span style="font-size:16px;font-family:宋体">人）</span><span style="font-size:16px">--&gt;2012(570</span><span style="font-size:16px;font-family:宋体">人</span><span style="font-size:16px">)--&gt;2013</span><span style="font-size:16px;font-family:宋体">（</span><span style="font-size:16px">860</span><span style="font-size:16px;font-family:宋体">人），</span><span style="font-size:16px">2014</span><span style="font-size:16px;font-family:宋体">年为</span><span style="font-size:16px">2300</span><span style="font-size:16px;font-family:宋体">人，到年底预计达</span><span style="font-size:16px">2700</span><span style="font-size:16px;font-family:宋体">人。团队中</span><span style="font-size:16px">50%</span><span style="font-size:16px;font-family:宋体">以上为研发人员。</span></p><h2><a name="_Toc16247"></a>1.<span style="font-family:黑体">人员发展</span></h2><p style="text-indent:28px"><span style="font-size:16px;font-family:宋体">爱奇艺为员工提供了“双通道发展”：应届生可以成长为技术骨干，再到中层管理人员或高级技术专家。</span></p><h2><a name="_Toc19021"></a>2.<span style="font-family:黑体">人才培养计划</span></h2><p style="text-indent:28px"><span style="font-size:16px;font-family:宋体">新人培训：会为每位新人配一位导师一对一指导，也有内部讲座，专业人士对专业知识的讲解。</span></p><p style="text-indent:28px"><span style="font-size:16px;font-family:宋体">领导力培训：对有意愿往管理层发展或在自己的领域表现出色的人员进行培训，讲授课程，也会让其作为新人的导师指导新人发展。</span></p><h2><a name="_Toc13356"></a>3.<span style="font-family:黑体">薪资福利待遇</span></h2><p style="text-indent:28px"><span style="font-size:16px;font-family:宋体">行业一流薪资，绝对不低于</span><span style="font-size:16px">BAT</span><span style="font-size:16px;font-family:宋体">。爱奇艺作为目前还未上市的公司，有给每位入职员工发放股票期权的打算。</span></p><p><span style="font-size:16px">A.</span><span style="font-size:16px;font-family:宋体">社保公积金按国家标准。</span></p><p><span style="font-size:16px">B.</span><span style="font-size:16px;font-family:宋体">奖金设置有项目评比奖金，专利奖金，绩效奖金，补助等。</span></p><p><span style="font-size:16px">C.</span><span style="font-size:16px;font-family:宋体">福利：在爱奇艺周围住宿、吃饭，理发都有打折。</span></p><p><span style="font-size:16px">D.</span><span style="font-size:16px;font-family:宋体">医疗费用百分百报销，不收医疗保险。</span></p><p><span style="font-size:16px">E.</span><span style="font-size:16px;font-family:宋体">工作环境：有各种俱乐部：篮球、羽毛球、足球、台球等；每年会召开年会，各地在职人员都会在一起聚会。</span></p><h2><a name="_Toc2333"></a>4.<span style="font-family:黑体">招聘职位：</span></h2><p><span style="font-size:16px;font-family:宋体">技术类（地点在上海、北京）：</span></p><p style="text-indent:28px"><span style="font-size:16px;font-family:宋体">互联网软件研发工程师、基础平台研发工程师、数据算法工程师、移动软件研发工程师；</span></p><p><span style="font-size:16px;font-family:宋体">产品类（地点在上海、北京）：</span></p><p style="text-indent:28px"><span style="font-size:16px;font-family:宋体">产品经理、设计师；</span></p><p><span style="font-size:16px;font-family:宋体">内容类（地点在北京）：</span></p><p style="text-indent:28px"><span style="font-size:16px;font-family:宋体">内容类职位（编辑、编导、视频制作方向）、主持人；</span></p><p><span style="font-size:16px;font-family:宋体">营销类（地点在北京、上海、广东）</span></p><p style="text-indent:28px"><span style="font-size:16px;font-family:宋体">广告销售方向、广告执行方向。</span></p><h2><a name="_Toc32144"></a>5.<span style="font-family:黑体">招聘流程</span></h2><p style="text-indent:28px"><span style="font-size:16px;font-family:宋体">在线投递简历及简历筛选：</span><span style="font-size:16px">8.25-10.15</span><span style="font-size:16px;font-family:宋体">；</span></p><p style="text-indent:28px"><span style="font-size:16px;font-family:宋体">校园宣讲：</span><span style="font-size:16px">9</span><span style="font-size:16px;font-family:宋体">月中旬</span><span style="font-size:16px">-10</span><span style="font-size:16px;font-family:宋体">月中旬；</span></p><p style="text-indent:28px"><span style="font-size:16px;font-family:宋体">第一场笔试定于</span><span style="font-size:16px">9</span><span style="font-size:16px;font-family:宋体">月</span><span style="font-size:16px">19</span><span style="font-size:16px;font-family:宋体">号，面试将在笔试结束后一到两周内进行。</span></p><p><span style="font-size:16px">10</span><span style="font-size:16px;font-family:宋体">月到</span><span style="font-size:16px">11</span><span style="font-size:16px;font-family:宋体">与会完成所有</span><span style="font-size:16px">offer</span><span style="font-size:16px;font-family:宋体">的发放工作。</span></p><p style="text-indent:28px"><span style="font-size:16px;font-family:宋体">华科是第一场宣讲会，在其他各地还有</span><span style="font-size:16px">12</span><span style="font-size:16px;font-family:宋体">场宣讲会。</span></p><p><span style="font-size:16px;font-family:宋体;color:#FF6600">（宣讲会接受现场投递简历）</span></p><p><span style="font-size:16px;font-family:宋体">结语：在这里，你将会实现你的梦想，成长，增强你的实力。</span></p><h1 style="text-align:center"><a name="_Toc1429"></a><span style="font-family:宋体">第五部分：</span>Q&amp;A<span style="font-family:宋体">环节</span></h1><p><span style="font-size:16px">Q1</span><span style="font-size:16px;font-family:宋体">：作为一名新闻专业的学生，之前有听说过爱奇艺视频内容放慢主要是做版权，自制作品较少，那么对于一些爱奇艺是已经很成熟的节目，像新闻专业的可以怎么去发展？</span></p><p><span style="font-size:16px">A1</span><span style="font-size:16px;font-family:宋体">：爱奇艺对自制板块是很重视的，目前已有很多自制节目，和网络自制剧，新闻类的同学如果对内容类感兴趣，可以在这方面发展。</span></p><p><span style="font-size:16px">Q2:</span><span style="font-size:16px;font-family:宋体">我自认为是属于偏应用的，在网申方面不具优势，而对于大多数同学而言，可能网申都会错过人才，请问爱奇艺在这方面打算如何不拘一格找人才？</span></p><p><span style="font-size:16px">A2</span><span style="font-size:16px;font-family:宋体">：客观的讲，在筛选简历时，学历是一个参考标准，但并不会完全以学历来作为评判标准。</span></p><p><span style="font-size:16px">Q3</span><span style="font-size:16px;font-family:宋体">：请问对产品经理有什么特定的要求吗？专业和技术方面会有要求吗？</span></p><p><span style="font-size:16px">A3</span><span style="font-size:16px;font-family:宋体">：对产品经理的要求主要是要有产品</span><span style="font-size:16px">sence</span><span style="font-size:16px;font-family:宋体">，能从客户的角度出发，提出产品改善的意见和方案。对专业没有任何限制，技术方面也没有特殊要求。</span></p><p><span style="font-size:16px">Q4</span><span style="font-size:16px;font-family:宋体">：请问各个类别的招聘人数的情况是什么样的？</span></p><p><span style="font-size:16px">A4</span><span style="font-size:16px;font-family:宋体">：这个目前没办法回答你，要根据人事部方面的确定。招聘总人数大约是公司总人数的</span><span style="font-size:16px">10%</span><span style="font-size:16px;font-family:宋体">，其中技术类和产品类是占了大部分的，但具体的人数可能要明年才能完全确定。</span></p><p><span style="font-size:16px">Q5</span><span style="font-size:16px;font-family:宋体">：我想问爱奇艺是怎么招实习生的？</span></p><p><span style="font-size:16px">A5</span><span style="font-size:16px;font-family:宋体">：这个你可以去爱奇艺官网上查看，有专门招实习生的一栏。</span></p><p><span style="font-size:16px">Q6</span><span style="font-size:16px;font-family:宋体">：内容类职位会对专业和知识有特定的限制吗？</span></p><p><span style="font-size:16px">A6</span><span style="font-size:16px;font-family:宋体">：对专业没有要求的，主要注重通用知识，对于专业知识，在入职之后会进行培训和学习，所以这些是不需要担心的。</span></p><p><span style="font-size:16px">Q7:</span><span style="font-size:16px;font-family:宋体">您好，我是来武大的广告学的，</span><span style="font-size:16px">8</span><span style="font-size:16px;font-family: 宋体">月份时投了简历，当时投的是内容类的，但现在对产品类很感兴趣，但不知道简历筛选现在是什么样子的了，请问还可以更改吗？</span></p><p><span style="font-size:16px">A7</span><span style="font-size:16px;font-family:宋体">：你可以查询简历筛选状态，如果已经通过了简历筛选，就不可以更改了，但如果实在想进入产品部，那么可以在面试的时候向</span><span style="font-size:16px">HR</span><span style="font-size:16px;font-family:宋体">提出自己的意愿；如果简历还在筛选中，是可以更改的。</span></p><p><span style="font-size:16px">Q8</span><span style="font-size:16px;font-family:宋体">：请问在爱奇艺内部转岗是否可以很方便的实现？比如职业和地点</span></p><p><span style="font-size:16px">A8</span><span style="font-size:16px;font-family:宋体">：在是可以方便的实现内部转岗的，但前提是绩效考核没有问题，并且所想转向的职位是确实有需求的。</span></p><p><br/></p>','华中科技大学');
CREATE INDEX "auth_permission_1bb8f392" ON "auth_permission" ("content_type_id");
CREATE INDEX "auth_group_permissions_425ae3c4" ON "auth_group_permissions" ("group_id");
CREATE INDEX "auth_group_permissions_1e014c8f" ON "auth_group_permissions" ("permission_id");
CREATE INDEX "auth_user_user_permissions_403f60f" ON "auth_user_user_permissions" ("user_id");
CREATE INDEX "auth_user_user_permissions_1e014c8f" ON "auth_user_user_permissions" ("permission_id");
CREATE INDEX "auth_user_groups_403f60f" ON "auth_user_groups" ("user_id");
CREATE INDEX "auth_user_groups_425ae3c4" ON "auth_user_groups" ("group_id");
CREATE INDEX "django_session_3da3d3d8" ON "django_session" ("expire_date");
CREATE INDEX "django_admin_log_403f60f" ON "django_admin_log" ("user_id");
CREATE INDEX "django_admin_log_1bb8f392" ON "django_admin_log" ("content_type_id");
COMMIT;
